journal,abstract,characters,tokens,score
The New England journal of medicine,"A Case Report of a Rare Congenital Disorder Presenting as a Triad of Abnormalities: This case report describes a patient with a triad of cranial, ocular, and digital abnormalities, which is consistent with a rare congenital disorder known as Goldenhar syndrome.",261,57,0.0017601251602172852
The New England journal of medicine,Efficacy of a Novel Anticoagulant in Preventing Venous Thromboembolism in Orthopedic Surgery: This randomized controlled trial assessed the efficacy of a novel anticoagulant in preventing venous thromboembolism (VTE) in patients undergoing orthopedic surgery. The results showed a significant reduction in VTE incidence compared to standard prophylaxis.,353,83,0.9983692765235901
The New England journal of medicine,"Incidence and Characteristics of Acute Pancreatitis in a Large Urban Population: This retrospective cohort study aimed to determine the incidence and characteristics of acute pancreatitis in a large urban population. The findings showed a high incidence of acute pancreatitis, with alcohol consumption and gallstones being the most common underlying factors.",358,62,0.9637199640274048
The New England journal of medicine,Clinical Outcomes of Minimally Invasive Mitral Valve Repair: This observational study evaluated the clinical outcomes of minimally invasive mitral valve repair in a large cohort of patients. The results showed improved functional capacity and reduced mortality compared to conventional open surgical repair.,307,53,0.593024492263794
The New England journal of medicine,A Prospective Study of the Association between Sleep Apnea and Cardiovascular Disease: This prospective cohort study investigated the association between sleep apnea and cardiovascular disease in a large sample of middle-aged adults. The results showed a strong and independent association between sleep apnea and the incidence of cardiovascular disease.,354,59,0.9972099661827087
The New England journal of medicine,"Adverse Effects of Long-Term Opioid Use in Chronic Pain Patients: This observational study evaluated the adverse effects of long-term opioid use in patients with chronic pain. The results showed an increased risk of overdose, depression, and falls, highlighting the need for caution when considering opioid therapy for chronic pain.",332,62,0.9898961782455444
The New England journal of medicine,"A Multicenter Randomized Controlled Trial of Telemedicine for the Management of Chronic Diseases: This randomized controlled trial assessed the efficacy of telemedicine in the management of chronic diseases such as diabetes, hypertension, and heart failure. The results showed improved patient outcomes and increased patient satisfaction with telemedicine compared to standard care.",382,68,0.9872167706489563
The New England journal of medicine,"Incidence and Risk Factors for Acute Kidney Injury in Critical Illness: This prospective cohort study aimed to determine the incidence and risk factors for acute kidney injury in critically ill patients. The results showed a high incidence of acute kidney injury, with sepsis and use of nephrotoxic medications being the most common risk factors.",346,67,0.9886720180511475
The New England journal of medicine,Clinical Outcomes of Endovascular Therapy for Acute Ischemic Stroke: This observational study evaluated the clinical outcomes of endovascular therapy for acute ischemic stroke. The results showed improved outcomes and reduced disability compared to standard medical management.,277,51,0.967742383480072
The New England journal of medicine,"A Systematic Review of the Effectiveness of Mindfulness-Based Interventions in Reducing Anxiety and Depression: This systematic review evaluated the effectiveness of mindfulness-based interventions in reducing anxiety and depression in a variety of populations. The results showed moderate to large effects on anxiety and depression, highlighting the potential utility of mindfulness-based interventions for mental health.",422,69,0.9925283193588257
The New England journal of medicine,A Prospective Study of the Association between Alcohol Consumption and Dementia: This prospective cohort study investigated the association between alcohol consumption and the risk of developing dementia. The results showed a strong and independent association between heavy alcohol consumption and an increased risk of dementia.,329,51,0.9897375702857971
The New England journal of medicine,Efficacy of Intraoperative Neuromonitoring for Prevention of Perioperative Nerve Injury: This randomized controlled trial assessed the efficacy of intraoperative neuromonitoring in preventing perioperative nerve injury during surgery. The results showed a significant reduction in the incidence of nerve injury compared to standard surgical techniques.,352,64,0.9072892069816589
The New England journal of medicine,"Incidence and Risk Factors for Ventilator-Associated Pneumonia in the Intensive Care Unit: This retrospective cohort study aimed to determine the incidence and risk factors for ventilator-associated pneumonia in critically ill patients. The results showed a high incidence of ventilator-associated pneumonia, with prolonged mechanical ventilation and underlying lung disease being the most common risk factors.",410,74,0.953457772731781
The New England journal of medicine,Clinical Outcomes of Robotic-Assisted Laparoscopic Surgery: This observational study evaluated the clinical outcomes of robotic-assisted laparoscopic surgery in a large cohort of patients. The results showed improved surgical outcomes and reduced postoperative pain compared to traditional laparoscopic surgery.,311,56,0.8882995843887329
The New England journal of medicine,"A Systematic Review of the Effectiveness of Exercise Interventions for the Prevention of Cardiovascular Disease: This systematic review evaluated the effectiveness of exercise interventions for the prevention of cardiovascular disease. The results showed a strong relationship between regular exercise and reduced risk of cardiovascular disease, highlighting the importance of physical activity for cardiovascular health.",421,62,0.9991148114204407
The New England journal of medicine,"Adverse Effects of Long-Term Antidepressant Use in Older Adults: This observational study evaluated the adverse effects of long-term antidepressant use in older adults. The results showed an increased risk of falls, hip fractures, and adverse cardiovascular events, emphasizing the need for caution when considering long-term antidepressant use in this population.",364,65,0.11682325601577759
The New England journal of medicine,A Multicenter Randomized Controlled Trial of Home-Based Physical Therapy for Chronic Obstructive Pulmonary Disease: This randomized controlled trial assessed the efficacy of home-based physical therapy in the management of chronic obstructive pulmonary disease. The results showed improved patient outcomes and increased patient satisfaction with home-based physical therapy compared to standard care.,401,67,0.9944939017295837
The New England journal of medicine,"Incidence and Characteristics of Acute Gastrointestinal Bleeding in a Large Urban Population: This retrospective cohort study aimed to determine the incidence and characteristics of acute gastrointestinal bleeding in a large urban population. The results showed a high incidence of acute gastrointestinal bleeding, with peptic ulcer disease and use of nonsteroidal anti-inflammatory drugs being the most common underlying factors.",430,74,0.6271216869354248
The New England journal of medicine,Clinical Outcomes of Robot-Assisted Hysterectomy: This observational study evaluated the clinical outcomes of robot-assisted hysterectomy in a large cohort of patients. The results showed improved surgical outcomes and reduced postoperative pain compared to traditional hysterectomy.,283,58,0.7511722445487976
The New England journal of medicine,A Prospective Study of the Association between Sleep Duration and Cardiovascular Disease: This prospective cohort study investigated the association between sleep duration and the risk of developing cardiovascular disease. The results showed a strong and independent association between short sleep duration and increased risk of cardiovascular disease.,353,52,0.9986525774002075
The New England journal of medicine,"Efficacy of a Novel Antidepressant in the Treatment of Major Depressive Disorder: This randomized controlled trial assessed the efficacy of a novel antidepressant in the treatment of major depressive disorder. The results showed a significant reduction in symptoms of depression compared to placebo, highlighting the potential utility of this antidepressant for the treatment of major depressive disorder.",405,66,0.9976832866668701
The New England journal of medicine,"Adverse Effects of Long-Term Antipsychotic Use in Patients with Schizophrenia: This observational study evaluated the adverse effects of long-term antipsychotic use in patients with schizophrenia. The results showed an increased risk of obesity, diabetes, and cardiovascular disease, emphasizing the need for caution when considering long-term antipsychotic use in this population.",381,72,0.37426233291625977
The New England journal of medicine,Clinical Outcomes of Minimally Invasive Aortic Valve Replacement: This observational study evaluated the clinical outcomes of minimally invasive aortic valve replacement in a large cohort of patients. The results showed improved functional capacity and reduced mortality compared to conventional open surgical repair.,317,55,0.7460370659828186
The New England journal of medicine,"Association between Nutrient Intake and Cognitive Decline in Older Adults: This prospective cohort study investigated the association between nutrient intake and cognitive decline in older adults. The results showed a positive association between a higher intake of certain vitamins and minerals and slower rates of cognitive decline, suggesting a potential role for nutrition in maintaining cognitive health in older adults.",425,67,0.7923774719238281
The New England journal of medicine,Randomized Controlled Trial of Mindfulness-Based Stress Reduction for Chronic Pain: This randomized controlled trial evaluated the efficacy of mindfulness-based stress reduction for the treatment of chronic pain. The results showed a significant reduction in pain severity and improved quality of life compared to standard care.,328,54,0.9971163272857666
The New England journal of medicine,"Adverse Effects of Long-Term Antihypertensive Therapy in Older Adults: This observational study evaluated the adverse effects of long-term antihypertensive therapy in older adults. The results showed an increased risk of falls and adverse cardiovascular events, emphasizing the need for caution when considering long-term antihypertensive therapy in this population.",366,69,0.08586961030960083
The New England journal of medicine,A Multicenter Randomized Controlled Trial of Cognitive Behavioral Therapy for Insomnia: This randomized controlled trial assessed the efficacy of cognitive behavioral therapy for the treatment of insomnia. The results showed significant improvements in sleep quality and reductions in insomnia symptoms compared to standard care.,329,51,0.9572175145149231
The New England journal of medicine,"Association between Physical Activity and Depression in Older Adults: This prospective cohort study investigated the association between physical activity and depression in older adults. The results showed a positive association between higher levels of physical activity and lower levels of depression, highlighting the potential role of physical activity in the prevention and management of depression in older adults.",420,63,0.96897953748703
The New England journal of medicine,Clinical Outcomes of Robot-Assisted Prostatectomy: This observational study evaluated the clinical outcomes of robot-assisted prostatectomy in a large cohort of patients. The results showed improved surgical outcomes and reduced postoperative pain compared to traditional prostatectomy.,286,53,0.5545405149459839
The New England journal of medicine,"A Systematic Review of the Efficacy of Antidepressants for the Treatment of Major Depressive Disorder: This systematic review evaluated the efficacy of antidepressants for the treatment of major depressive disorder. The results showed that various antidepressants are effective in reducing symptoms of depression, but with varying levels of efficacy and adverse effects.",370,62,0.9983887672424316
The New England journal of medicine,"Association between Smoking and Cognitive Decline in Older Adults: This prospective cohort study investigated the association between smoking and cognitive decline in older adults. The results showed a negative association between smoking and cognitive decline, emphasizing the importance of smoking cessation for maintaining cognitive health in older adults.",359,54,0.995010495185852
The New England journal of medicine,Clinical Outcomes of Minimally Invasive Mitral Valve Repair: This observational study evaluated the clinical outcomes of minimally invasive mitral valve repair in a large cohort of patients. The results showed improved functional capacity and reduced mortality compared to conventional open surgical repair.,307,53,0.593024492263794
The New England journal of medicine,Randomized Controlled Trial of Tai Chi for the Management of Chronic Low Back Pain: This randomized controlled trial assessed the efficacy of Tai Chi for the management of chronic low back pain. The results showed a significant reduction in pain severity and improved physical function compared to standard care.,312,53,0.9955220222473145
The New England journal of medicine,"Adverse Effects of Long-Term Anticonvulsant Therapy in Older Adults: This observational study evaluated the adverse effects of long-term anticonvulsant therapy in older adults. The results showed an increased risk of falls and cognitive decline, emphasizing the need for caution when considering long-term anticonvulsant therapy in this population.",348,70,0.3801412582397461
The New England journal of medicine,"Association between Social Engagement and Cognitive Decline in Older Adults: This prospective cohort study investigated the association between social engagement and cognitive decline in older adults. The results showed a positive association between higher levels of social engagement and slower rates of cognitive decline, suggesting a potential role for social engagement in maintaining cognitive health in older adults.",423,65,0.9823739528656006
The New England journal of medicine,Clinical Outcomes of Minimally Invasive Aortic Valve Replacement: This observational study evaluated the clinical outcomes of minimally invasive aortic valve replacement in a large cohort of patients. The results showed improved surgical outcomes and reduced postoperative complications compared to traditional open surgical replacement.,337,57,0.590523362159729
The New England journal of medicine,"A Systematic Review of the Efficacy of Herbal Supplements for the Treatment of Anxiety: This systematic review evaluated the efficacy of herbal supplements for the treatment of anxiety. The results showed limited evidence for the effectiveness of some herbal supplements in reducing symptoms of anxiety, with the need for further research to confirm their efficacy.",365,64,0.972655177116394
The New England journal of medicine,"Association between Sleep Quality and Cognitive Decline in Older Adults: This prospective cohort study investigated the association between sleep quality and cognitive decline in older adults. The results showed a negative association between poor sleep quality and faster rates of cognitive decline, emphasizing the importance of good sleep for maintaining cognitive health in older adults.",391,61,0.3794846534729004
The New England journal of medicine,Clinical Outcomes of Endovascular Aneurysm Repair: This observational study evaluated the clinical outcomes of endovascular aneurysm repair in a large cohort of patients. The results showed improved surgical outcomes and reduced postoperative complications compared to traditional open surgical repair.,302,56,0.8885542750358582
The New England journal of medicine,Randomized Controlled Trial of Yoga for the Management of Chronic Knee Pain: This randomized controlled trial assessed the efficacy of yoga for the management of chronic knee pain. The results showed a significant reduction in pain severity and improved physical function compared to standard care.,298,50,0.9234350919723511
The New England journal of medicine,"Adverse Effects of Long-Term Antidepressant Therapy in Older Adults: This observational study evaluated the adverse effects of long-term antidepressant therapy in older adults. The results showed an increased risk of falls and cognitive decline, emphasizing the need for caution when considering long-term antidepressant therapy in this population.",348,60,0.07154148817062378
The New England journal of medicine,"Association between Diet Quality and Cognitive Decline in Older Adults: This prospective cohort study investigated the association between diet quality and cognitive decline in older adults. The results showed a positive association between higher diet quality and slower rates of cognitive decline, suggesting a potential role for diet in maintaining cognitive health in older adults.",385,61,0.9568056464195251
The New England journal of medicine,Clinical Outcomes of Endoscopic Gastrointestinal Surgery: This observational study evaluated the clinical outcomes of endoscopic gastrointestinal surgery in a large cohort of patients. The results showed improved surgical outcomes and reduced postoperative pain compared to traditional open surgical procedures.,311,49,0.9469520449638367
The New England journal of medicine,"A Systematic Review of the Efficacy of Acupuncture for the Treatment of Chronic Pain: This systematic review evaluated the efficacy of acupuncture for the treatment of chronic pain. The results showed moderate evidence for the effectiveness of acupuncture in reducing chronic pain, with the need for further research to confirm its efficacy.",341,60,0.9938291907310486
The New England journal of medicine,"Association between Cognitive Stimulation and Cognitive Decline in Older Adults: This prospective cohort study investigated the association between cognitive stimulation and cognitive decline in older adults. The results showed a positive association between higher levels of cognitive stimulation and slower rates of cognitive decline, suggesting a potential role for cognitive stimulation in maintaining cognitive health in older adults.",439,65,0.9942383766174316
The New England journal of medicine,Clinical Outcomes of Minimally Invasive Spinal Surgery: This observational study evaluated the clinical outcomes of minimally invasive spinal surgery in a large cohort of patients. The results showed improved surgical outcomes and reduced postoperative pain compared to traditional open surgical procedures.,307,52,0.6129675507545471
The New England journal of medicine,Randomized Controlled Trial of Hydrotherapy for the Management of Chronic Arthritis: This randomized controlled trial assessed the efficacy of hydrotherapy for the management of chronic arthritis. The results showed a significant reduction in pain severity and improved physical function compared to standard care.,314,52,0.9874295592308044
The New England journal of medicine,"Adverse Effects of Long-Term Antipsychotic Therapy in Older Adults: This observational study evaluated the adverse effects of long-term antipsychotic therapy in older adults. The results showed an increased risk of falls and cognitive decline, emphasizing the need for caution when considering long-term antipsychotic therapy in this population.",345,65,0.09045177698135376
The New England journal of medicine,"Association between Physical Activity and Cognitive Decline in Older Adults: This prospective cohort study investigated the association between physical activity and cognitive decline in older adults. The results showed a positive association between higher levels of physical activity and slower rates of cognitive decline, suggesting a potential role for physical activity in maintaining cognitive health in older adults.",423,64,0.9836001396179199
The New England journal of medicine,"Clinical Outcomes of Minimally Invasive Thoracic Surgery: This observational study evaluated the clinical outcomes of minimally invasive thoracic surgery in a large cohort of patients. The results showed improved surgical outcomes and reduced postoperative complications compared to traditional open surgical procedures, demonstrating the potential benefits of minimally invasive techniques in thoracic surgery.",411,70,0.3202747106552124
Nature,"This study investigates the correlation between chromosome conformation and gene regulation in various organisms, using advanced imaging and computational methods. Our results suggest that chromatin folding plays a significant role in determining gene accessibility and expression levels.",288,42,0.9899387359619141
Nature,"This paper presents an analysis of the impact of planetary albedo on global temperatures, using complex climate models and observational data. Our findings indicate that changes in the reflectiveness of a planet can amplify or mitigate the effects of greenhouse gas emissions on the climate.",291,51,0.8830963969230652
Nature,"We examine the evolution of antibiotic resistance in bacterial populations, through laboratory experiments and genetic analyses. Our data reveals that resistance evolves rapidly in response to selective pressure, and can result in the spread of multidrug-resistant strains.",273,45,0.991741418838501
Nature,"This study provides new insights into the structural and functional diversity of membrane proteins, using X-ray crystallography, NMR spectroscopy, and computer simulations. Our findings highlight the importance of these proteins in cellular processes such as transport, signaling, and energy conversion.",303,53,0.9976262450218201
Nature,"We investigate the impact of plant microbiomes on plant growth, health, and stress responses, using a combination of field experiments and laboratory assays. Our results demonstrate that plant-associated microorganisms play a crucial role in regulating plant growth and survival, and that altering the microbiome can have significant consequences for plant health.",364,62,0.994239091873169
Nature,"This work characterizes the kinetics of protein assembly and disassembly, using biochemical and biophysical methods. Our findings shed light on the complex processes that underlie protein stability and function, and provide a basis for understanding disease mechanisms and developing new therapeutic strategies.",311,51,0.0011943578720092773
Nature,"This study explores the genetic basis of behavioral diversity, using a combination of genome-wide association studies, functional genomics, and behavioral assays. Our results reveal that behavior is shaped by the interplay of multiple genetic and environmental factors, and that the genetic architecture of behavior is highly complex.",334,58,0.998090922832489
Nature,"This paper investigates the contribution of epigenetic modifications, such as DNA methylation and histone modification, to cancer development, using cell culture and animal models. Our findings suggest that these modifications can alter gene expression and promote cancer initiation and progression.",299,48,0.9951071739196777
Nature,"This study examines the effects of global warming on species diversity and ecosystem functioning, using field observations, experiments, and models. Our results highlight the potential for climate change to cause widespread species loss and alterations to the structure and functioning of ecosystems.",300,47,0.91513991355896
Nature,"This work investigates the evolutionary dynamics of plant-pollinator interactions, through field studies, molecular biology, and phylogenetic analyses. Our results suggest that these interactions have been shaped by a complex interplay of biotic and abiotic factors, and that they play a key role in the evolution of both plants and pollinators.",345,64,0.9986213445663452
Nature,"This study assesses the impact of urbanization on biodiversity, using a combination of field surveys and spatial models. Our results indicate that urbanization can cause declines in native species diversity, as well as the emergence of novel urban biotas, with significant consequences for ecosystem functioning and human health.",329,58,0.9911681413650513
Nature,"This paper explores the molecular mechanisms that underlie long-range chromosomal interactions, using a variety of techniques including Hi-C, ChIP-seq, and imaging. Our results suggest that these interactions play a critical role in gene regulation and disease susceptibility, and that they are modulated by a complex network of proteins and non-coding RNAs.",358,71,0.9450646042823792
Nature,"This study provides a comprehensive overview of the structural and functional diversity of microbes, including bacteria, archaea, viruses, and fungi, using culture-based and molecular methods. Our findings demonstrate that microbes play a key role in regulating key biogeochemical cycles and shaping the biosphere.",314,56,0.999123752117157
Nature,"This work examines the contribution of epigenetic mechanisms, such as DNA methylation and histone modification, to neural development, using cell culture and animal models. Our results highlight the importance of these mechanisms in determining the fate of neural cells, and their potential to influence brain function and behavior.",332,57,0.9982901215553284
Nature,"This study analyzes the effects of climate change on marine ecosystems, using observational data and models. Our results indicate that rising temperatures and changing ocean chemistry are having significant impacts on marine biodiversity, with potential consequences for food webs, biogeochemical cycles, and human well-being.",326,55,0.9793019890785217
Nature,"This paper investigates the genetic basis of complex traits, including diseases, behavior, and cognition, using genomic and transcriptomic data. Our results reveal that complex traits are influenced by a large number of genetic variants, each of small effect, and that gene-gene and gene-environment interactions play a crucial role.",333,62,0.999677300453186
Nature,"This study characterizes the structure and dynamics of species interactions, using field observations, experiments, and models. Our results demonstrate that species interactions can have far-reaching effects on ecosystem functioning, and that changes in one species can trigger cascading effects across an entire community.",323,53,0.01561051607131958
Nature,"This work investigates the impact of the human microbiome, including gut, skin, and oral microbiomes, on human health and disease, using genetic, biochemical, and imaging methods. Our results suggest that microbes play a key role in regulating immune function, metabolism, and mental health, and that imbalances in the microbiome can contribute to disease.",356,68,0.9954633116722107
Nature,"This study explores the evolution of antibiotic resistance in bacterial populations, using laboratory experiments and genomic data. Our results highlight the rapid evolution of resistance in response to antibiotic pressure, and the importance of reducing the selective pressure for resistance to slow its spread.",312,48,0.9935173988342285
Nature,"This paper provides a comprehensive overview of the structure and function of the human genome, using a variety of techniques including sequencing, genotyping, and functional genomics. Our results demonstrate the complexity and diversity of the human genome, and its critical role in determining human health and disease.",321,56,0.9830291867256165
Nature,"This study investigates the mechanisms that maintain genome stability during DNA replication, using molecular biology and biochemistry. Our results highlight the importance of DNA replication accuracy, and the role of various molecular machineries in preventing replication errors and preserving genome integrity.",313,47,0.6281833052635193
Nature,"This paper examines the impact of species interactions, including competition, predation, and mutualism, on species diversity, using observational data and models. Our results suggest that species interactions play a crucial role in shaping the structure and function of ecosystems, and that changes in one species can have significant impacts on community diversity.",367,62,0.9302038550376892
Nature,"This study investigates the biological mechanisms of aging, using a variety of approaches including genetics, cell culture, and animal models. Our results suggest that aging is a complex and multifactorial process, involving changes at the molecular, cellular, and organismal levels, and that interventions to slow or reverse aging may have broad-ranging impacts on human health and disease.",391,71,0.37329697608947754
Nature,"This paper provides a comprehensive overview of the structure and function of proteins, using biochemical, biophysical, and computational methods. Our results demonstrate the diversity and complexity of protein structure and function, and their critical role in cellular and organismal processes.",296,48,0.8239905834197998
Nature,"This study examines the contribution of epigenetic changes, such as DNA methylation and histone modification, to cancer development and progression, using cell culture and animal models. Our results suggest that epigenetic changes play a key role in regulating gene expression and promoting tumorigenesis, and that they may provide new targets for cancer treatment.",365,65,0.9983325600624084
Nature,"This work investigates the impacts of species invasions, including introduction of non-native species into new ecosystems, on ecosystem structure and function, and on evolutionary processes. Our results demonstrate that species invasions can have far-reaching and long-lasting consequences, and that they may have significant impacts on biodiversity, ecosystem services, and human well-being.",392,69,0.9992092251777649
Nature,"This paper provides a comprehensive overview of the structure and function of mitochondria, using biochemical, biophysical, and imaging methods. Our results demonstrate the critical role of mitochondria in cellular energy production, and the significance of mitochondrial dysfunction in the development of a variety of diseases, including neurodegeneration, diabetes, and cancer.",379,65,0.9995167255401611
Nature,"This study examines the regulation of gene expression during development, using cell culture and animal models. Our results suggest that gene expression is regulated by a complex interplay of genetic and epigenetic mechanisms, and that changes in gene expression can have significant impacts on developmental outcomes.",318,52,0.9994634985923767
Nature,"This paper investigates the impact of climate change on biodiversity, using observational data and models. Our results demonstrate that rising temperatures and changing precipitation patterns are having significant impacts on species distribution and abundance, with potential consequences for ecosystem functioning and human well-being.",337,49,0.9398921728134155
Nature,"This study provides a comprehensive overview of the structure and function of the nucleus, using biochemical, biophysical, and imaging methods. Our results demonstrate the critical role of the nucleus in regulating gene expression, cell division, and cellular organization.",273,46,0.9802289009094238
Nature,"This work examines the impact of the gut microbiome on metabolism, using genetic, biochemical, and imaging methods. Our results suggest that the gut microbiome plays a critical role in regulating energy balance, nutrient absorption, and glucose metabolism, and that imbalances in the microbiome may contribute to metabolic disorders such as obesity and type 2 diabetes.",369,65,0.8966484665870667
Nature,"This paper characterizes the past, present, and future of climate change, using observational data and models. Our results demonstrate that human activities, particularly emissions of greenhouse gases, are driving significant and sustained warming of the Earth's surface, with potential consequences for sea level rise, ocean acidification, and alterations in precipitation patterns.",383,64,0.7137925624847412
Nature,"This study investigates the evolution of social behavior in animals, including cooperation, competition, and aggression, using observational and experimental data. Our results suggest that social behavior has evolved as a result of natural selection and is shaped by a complex interplay of genetic and environmental factors.",324,53,0.999313235282898
Nature,"This paper provides a comprehensive overview of the structure and function of membrane proteins, using biochemical, biophysical, and imaging methods. Our results demonstrate the crucial role of membrane proteins in facilitating communication and transport between cells, and in maintaining cellular structure and function.",322,50,0.9830365777015686
Nature,"This study examines the effects of human activities, such as land-use change, deforestation, and pollution, on ecosystem structure and function, using observational and experimental data. Our results suggest that human activities are having significant impacts on ecosystems, including declines in biodiversity, altered biogeochemical cycles, and disrupted ecosystem services.",376,62,0.9968861937522888
Nature,"This paper provides an overview of the regulation of gene expression, including mechanisms such as transcription, translation, and post-transcriptional modification, using biochemical and genetic methods. Our results demonstrate the intricate and dynamic nature of gene expression regulation, and its critical role in controlling cellular and organismal processes.",364,59,0.9985020160675049
Nature,"This work investigates the evolution of antimicrobial resistance in pathogenic bacteria, using genetic and biochemical methods. Our results suggest that the widespread use of antibiotics has led to the evolution of antibiotic-resistant strains, which pose a significant threat to human health and require new approaches to treatment.",333,55,0.9968247413635254
Nature,"This study characterizes the structure and function of synapses, the specialized structures that mediate communication between neurons, using biochemical, biophysical, and imaging methods. Our results demonstrate the complexity and diversity of synapses, and their critical role in information processing and storage in the nervous system.",339,57,0.03294718265533447
Nature,"This paper examines the effects of land-use change, including deforestation, urbanization, and agriculture, on biodiversity, using observational and experimental data. Our results suggest that land-use change is a major driver of biodiversity loss, with significant impacts on ecosystem functioning and services, and that effective conservation strategies are necessary to mitigate these impacts.",396,66,0.9969057440757751
Nature,"This study investigates the role of microbes in a range of environmental processes, including nutrient cycling, carbon sequestration, and bioremediation, using observational and experimental data. Our results demonstrate the important and diverse roles played by microbes in shaping the environment, and the need for continued research to better understand these processes.",373,62,0.9991208910942078
Nature,"This paper provides a comprehensive overview of the structure and function of chromosomes, including the organization of genetic information and the regulation of gene expression, using biochemical, genetic, and imaging methods. Our results demonstrate the critical role of chromosomes in the transmission and expression of genetic information.",344,53,0.9913596510887146
Nature,"This study examines the effects of climate change on ocean ecosystems, including changes in temperature, ocean acidification, and sea level, using observational and model-based data. Our results suggest that climate change is having significant impacts on ocean ecosystems, with potential consequences for biodiversity, productivity, and human well-being.",355,61,0.9992110729217529
Nature,"This work investigates the evolution of plant diversity, including the origins of angiosperms, the role of pollination and seed dispersal, and the evolution of specific plant groups, using comparative and evolutionary methods. Our results suggest that plant diversity has been shaped by a complex interplay of biotic and abiotic factors, and that continued research is needed to better understand the evolution of this diverse and important group of organisms.",460,84,0.9997373223304749
Nature,"This study examines the effects of human activities, such as fossil fuel burning and deforestation, on atmospheric composition, including changes in greenhouse gas concentrations, air quality, and ozone depletion, using observational and modeling data. Our results suggest that human activities have had significant impacts on atmospheric composition, with potential consequences for climate and air quality.",408,64,0.9995842576026917
Nature,"This paper provides an overview of the structure and function of organelles, including the mitochondria, chloroplasts, and the endoplasmic reticulum, using biochemical and imaging methods. Our results demonstrate the crucial role of organelles in cellular processes, including energy production, photosynthesis, and protein synthesis.",334,65,0.9680400490760803
Nature,"This study investigates the role of bacteria in soil processes, including nutrient cycling, carbon sequestration, and soil structure formation, using observational and experimental data. Our results suggest that bacteria play a vital role in maintaining soil health, and their diversity and abundance is influenced by environmental factors such as land-use change and nutrient input.",383,64,0.9959995746612549
Nature,"This work examines the evolution of floral diversity, including the origin and diversification of flowers, and the role of pollination in shaping floral form, using comparative and evolutionary methods. Our results suggest that floral diversity has been shaped by a complex interplay of biotic and abiotic factors, and that continued research is needed to better understand the mechanisms driving this diversity.""",413,72,0.8863430023193359
Nature,"This study analyzes the dynamics of population growth, including factors such as birth and death rates, migration patterns, and resource availability, using mathematical and statistical methods. Our results suggest that population growth is a complex and dynamic process influenced by a multitude of factors, and that careful monitoring and management is needed to ensure sustainable population growth and resource use.""",420,68,0.9897935390472412
Nature,"This paper investigates the effects of climate change, including changes in temperature and precipitation patterns, on ecosystems, including impacts on species distribution, community structure, and ecosystem functioning, using observational and experimental data. Our results suggest that climate change is having significant impacts on ecosystems, and that conservation and management efforts must consider these changes to ensure their long-term sustainability.",464,70,0.9993276596069336
Nature,"This study explores the role of microbes, including bacteria, archaea, and fungi, in global biogeochemical cycles, including the carbon, nitrogen, and phosphorus cycles, using observational and experimental data. Our results suggest that microbes play a critical role in maintaining the balance of these important cycles, and that their activity is influenced by environmental factors such as nutrient input and climate change.",427,75,0.9131328463554382
Arch Pathol Lab Med,"The role of autophagy in the progression of hepatocellular carcinoma was studied in a cohort of patients. Results showed that increased levels of autophagy were associated with advanced stage and poor prognosis. The findings of this study suggest that autophagy may play a crucial role in the development and progression of hepatocellular carcinoma, and may serve as a potential therapeutic target in the future.",412,83,0.9973340034484863
Arch Pathol Lab Med,"An investigation into the efficacy of liquid biopsy for early detection of pancreatic cancer was performed. Results showed that the technique demonstrated high accuracy in detecting cancer-specific mutations in circulating cell-free DNA. The results of this study indicate that liquid biopsy has great potential as a non-invasive tool for early cancer detection, especially in cases where traditional biopsy methods are not feasible.",433,77,0.9964954257011414
Arch Pathol Lab Med,"A study was conducted to evaluate the use of machine learning algorithms for diagnosing lymph node metastases in patients with breast cancer. Results showed that the algorithms had high sensitivity and specificity in detecting the presence of metastases, outperforming traditional pathological analysis. The findings of this study suggest that machine learning algorithms have great potential for use in the diagnosis of cancer and could lead to improved patient outcomes.",472,77,0.9888774752616882
Arch Pathol Lab Med,"The clinical utility of next-generation sequencing (NGS) was assessed for its ability to diagnose pediatric brain tumors. Results showed that NGS allowed for molecular characterization of the tumors, facilitating accurate diagnosis and personalized treatment plans. This study highlights the importance of NGS in the diagnostic process and suggests that it has great potential for improving patient outcomes in pediatric brain tumor cases.",439,73,0.9968616962432861
Arch Pathol Lab Med,"The role of immune cells in the development and progression of renal cell carcinoma was examined in a patient cohort. Results showed that increased infiltration of T cells was associated with better clinical outcome, suggesting that immune cells may play a crucial role in the development of renal cell carcinoma. These findings support the potential for immunotherapy as a treatment option for renal cell carcinoma in the future.",430,76,0.9933660626411438
Arch Pathol Lab Med,A study was performed to determine the impact of systemic inflammation on the development and progression of colorectal cancer. Results showed that systemic inflammation was strongly associated with advanced stage and poor prognosis in colorectal cancer patients. These findings highlight the importance of monitoring and controlling systemic inflammation in the management of colorectal cancer.,395,67,0.9981847405433655
Arch Pathol Lab Med,The expression of a novel biomarker in prostate cancer was studied in a cohort of patients. Results showed that elevated levels of the biomarker were associated with aggressive prostate cancer subtypes and poor prognosis. These findings suggest that the novel biomarker could be used as a prognostic tool for prostate cancer in the future.,339,63,0.9982328414916992
Arch Pathol Lab Med,An investigation was conducted to evaluate the use of magnetic resonance imaging (MRI) for the diagnosis of endometrial cancer. Results showed that MRI had high accuracy in detecting endometrial cancer and could be used as a non-invasive alternative to traditional biopsy methods.,280,54,0.9897301197052002
Arch Pathol Lab Med,"A study was performed to determine the impact of tumor mutational burden on response to immunotherapy in patients with non-small cell lung cancer. Results showed that high tumor mutational burden was associated with better response to immunotherapy, indicating that mutational burden could be a useful predictor of response to treatment.",337,60,0.9985629916191101
Arch Pathol Lab Med,The expression of miRNAs in glioblastoma was studied in a patient cohort. Results showed that specific miRNAs were differentially expressed in glioblastoma and could serve as potential therapeutic targets in the future.,219,47,0.889786958694458
Arch Pathol Lab Med,A study was performed to evaluate the use of blood-based biomarkers for the early detection of ovarian cancer. Results showed that the biomarkers had high accuracy in detecting ovarian cancer and could be used as a non-invasive alternative to traditional biopsy methods.,270,52,0.997502863407135
Arch Pathol Lab Med,An investigation was conducted to determine the impact of obesity on the development and progression of esophageal cancer. Results showed that obesity was associated with advanced stage and poor prognosis in esophageal cancer patients. These findings highlight the importance of controlling obesity in the management of esophageal cancer.,338,61,0.9876947402954102
Arch Pathol Lab Med,The role of epigenetic modifications in the progression of oral squamous cell carcinoma was studied in a patient cohort. Results showed that specific epigenetic modifications were associated with advanced stage and poor prognosis. These findings suggest that epigenetic modifications may play a crucial role in the development and progression of oral squamous cell carcinoma.,375,65,0.9912372827529907
Arch Pathol Lab Med,A study was performed to determine the impact of smoking on the development and progression of lung cancer. Results showed that smoking was strongly associated with advanced stage and poor prognosis in lung cancer patients. These findings highlight the importance of quitting smoking in the management of lung cancer.,317,53,0.9748921990394592
Arch Pathol Lab Med,An investigation was conducted to evaluate the use of positron emission tomography (PET) imaging for the diagnosis of lymphoma. Results showed that PET imaging had high accuracy in detecting lymphoma and could be used as a non-invasive alternative to traditional biopsy methods.,278,54,0.9832589626312256
Arch Pathol Lab Med,The expression of tumor suppressor genes in gastric cancer was studied in a patient cohort. Results showed that reduced expression of specific tumor suppressor genes was associated with aggressive subtypes and poor prognosis. These findings suggest that tumor suppressor genes could serve as potential therapeutic targets in the future.,336,58,0.9931134581565857
Arch Pathol Lab Med,A study was performed to determine the impact of radiation exposure on the development and progression of thyroid cancer. Results showed that radiation exposure was associated with advanced stage and poor prognosis in thyroid cancer patients. These findings highlight the importance of limiting radiation exposure in the management of thyroid cancer.,350,55,0.9971312284469604
Arch Pathol Lab Med,An investigation was conducted to evaluate the use of computed tomography (CT) imaging for the diagnosis of liver cancer. Results showed that CT imaging had high accuracy in detecting liver cancer and could be used as a non-invasive alternative to traditional biopsy methods.,275,52,0.9933030605316162
